,Image Paths,Nucleus Center x,Nucleus Center y,Class
0,153960256-153960295-002.BMP,85.5414874001,88.54087277200001,1
1,157181281-157181308-001.BMP,164.7810172914,192.2403130127,1
2,157181387-157181418-001.BMP,151.3201082056,381.57980162309997,1
3,157181525-157181540-001.BMP,229.0944804557,171.74936161850002,1
4,157181569-157181599-001.BMP,91.4039158811,181.7461928934,1
5,157181671-157181686-001.BMP,181.12149532709998,225.52578746970002,1
6,157181671-157181697-001.BMP,190.28761947099997,190.310735719,1
7,157181671-157181708-001.BMP,212.35909745560002,225.8166106577,1
8,157183193-157183241-001.BMP,113.9431884058,168.2689855072,1
9,157183193-157183279-001.BMP,79.6448863636,150.6505681818,1
10,157183332-157183346-001.BMP,99.9618104668,103.5219236209,1
11,157183332-157183361-001.BMP,64.4826472962,128.08555286520001,1
12,157183332-157183376-001.BMP,134.32539682540002,211.10052910049998,1
13,157183412-157183614-001.BMP,112.78845763059999,117.28673033940001,1
14,157183412-157183638-001.BMP,44.8476401647,76.11276528350001,1
15,157183722-157183783-001.BMP,88.6783337441,123.750554597,1
16,157183722-157183783-002.BMP,124.4562449201,170.5467353021,1
17,157183964-157183980-001.BMP,72.9275622337,156.8459295806,1
18,157183964-157183991-001.BMP,70.0888792543,128.4890526772,1
19,157184013-157184031-001.BMP,104.37111334,138.0060180542,1
20,157184112-157184128-001.BMP,114.4081336238,51.099491648500006,1
21,157184850-157184870-001.BMP,160.93655589120002,191.72809667669998,1
22,157184850-157184891-001.BMP,222.2999052133,197.5567772512,1
23,157184850-157184942-001.BMP,161.58788195350002,155.1715852703,1
24,157184850-157184976-001.BMP,130.093194013,121.3126235527,1
25,157184999-157185032-001.BMP,116.2592334495,216.7317073171,1
26,157185054-157185079-001.BMP,140.5104577145,162.3595028797,1
27,157185133-157185143-001.BMP,126.7704042715,156.1617086194,1
28,157185164-157185177-001.BMP,154.0215982721,200.96760259180002,1
29,157185164-157185196-001.BMP,126.7568773234,177.8884758364,1
30,157185208-157185238-001.BMP,185.95051989959998,212.4216565077,1
31,157185309-157185360-001.BMP,189.83326555509998,153.3647824319,1
32,157185613-157185627-001.BMP,138.9846291598,255.78271899720002,1
33,157222534-157222607-001.BMP,129.2435858738,146.92182312100002,1
34,157222737-157222750-001.BMP,99.349490692,143.1822971549,1
35,157222737-157222750-002.BMP,99.911205074,148.5821000705,1
36,157222904-157223196-001.BMP,119.3470404984,172.6836967809,1
37,157222904-157223217-001.BMP,114.6806518075,174.5825060873,1
38,157223659-157223667-001.BMP,74.36898542760001,94.4162771515,1
39,157223659-157223667-002.BMP,131.1065596457,122.7234984777,1
40,157223735-157223751-001.BMP,212.24004034290002,228.79139351150002,1
41,157223735-157223766-001.BMP,131.1034625752,186.1729214182,1
42,157223779-157224126-001.BMP,181.0093167702,198.46894409939998,1
43,157224172-157224179-001.BMP,134.7392,157.5637333333,1
44,157224244-157224258-001.BMP,166.2711936793,359.7864616699,1
45,157224297-157224304-001.BMP,165.0416939533,149.120279415,1
46,157224297-157224304-002.BMP,189.7465660669,182.25575546529998,1
47,157224297-157224320-001.BMP,201.172979305,158.5365091761,1
48,157224297-157224320-002.BMP,146.0302743614,211.7388836329,1
49,157224297-157224336-001.BMP,169.9605880513,160.46418517360001,1
50,157224352-157224395-001.BMP,180.9523809524,242.6166774402,1
51,157224412-157224429-001.BMP,297.8832816465,280.9811107979,1
52,157224458-157224483-001.BMP,220.176446109,149.41323345819998,1
53,157224504-157224520-001.BMP,101.9266272189,142.0528599606,1
54,157267647-157267732-001.BMP,91.1131069324,207.0064552344,1
55,157268242-157268296-001.BMP,139.8197411508,130.8716669266,1
56,157268342-157268376-001.BMP,187.45153780169997,102.7501531675,1
57,157268342-157268401-001.BMP,175.5017516543,223.2977812378,1
58,157268504-157268544-001.BMP,170.8656951556,226.544308783,1
59,157268587-157268617-001.BMP,173.5266219239,113.1158836689,1
60,158987033-158987057-001.BMP,165.577116351,156.0958639351,1
61,158987453-158987462-001.BMP,125.8796116505,175.4563106796,1
62,158987493-158987499-001.BMP,196.0937247509,135.662806356,1
63,158987493-158987505-001.BMP,143.9471365639,127.6828193833,1
64,209047342-209047400-001.BMP,183.95410716470002,177.57890882459998,1
65,209047342-209047443-001.BMP,133.2565180824,188.97729184189998,1
66,209047342-209047478-001.BMP,174.31095225939998,170.5345928006,1
67,209047526-209047717-001.BMP,216.70999030069999,120.3892660847,1
68,209047526-209047798-001.BMP,143.4430247718,136.9408083442,1
69,209047881-209048017-001.BMP,104.58603849469999,148.2424590635,1
70,209048086-209048137-001.BMP,210.74423554450001,194.77190493080002,1
71,209048086-209048278-001.BMP,176.85200146900002,88.37017994860001,1
72,209307421-209307597-001.BMP,147.77827051,233.6961250132,1
73,153955676-153955721-001.BMP,178.23419759360002,167.3445178783,2
74,153955676-153955746-001.BMP,83.7931591705,109.1764072179,2
75,153956279-153956296-001.BMP,59.6288427188,86.79439691639999,2
76,153958547-153958621-001.BMP,41.2302085442,131.13423769989998,2
77,157183332-157183388-001.BMP,161.77142857139998,127.95238095239999,2
78,157183332-157183388-002.BMP,114.7295549639,158.7926968429,2
79,157183412-157183656-001.BMP,117.61106266350001,124.73800921889999,2
80,157183828-157183840-001.BMP,172.18230977209998,140.1197373503,2
81,157183828-157183877-001.BMP,175.2450725177,150.5332837486,2
82,157183828-157183887-001.BMP,128.6592190222,96.05575484270001,2
83,157184013-157184023-001.BMP,83.7165520888,110.5647805394,2
84,157184013-157184039-001.BMP,102.29296875,172.7296875,2
85,157184067-157184080-001.BMP,130.4968702784,93.2199438809,2
86,157184112-157184120-001.BMP,53.532644537299994,86.7513739283,2
87,157185575-157185586-001.BMP,85.7035490605,133.5357752894,2
88,157185677-157185690-001.BMP,195.7572620075,248.8520755441,2
89,157222534-157222561-001.BMP,117.432604912,156.5236898085,2
90,157222534-157222579-001.BMP,145.0966887417,133.1364238411,2
91,157222534-157223349-001.BMP,103.0485436893,95.6207119741,2
92,157222534-157223355-001.BMP,153.18713450290002,295.8913951546,2
93,157222534-157223364-001.BMP,104.1705237515,95.4835566382,2
94,157222647-157222660-001.BMP,158.6993865031,79.5246534878,2
95,157222647-157222687-001.BMP,151.9671661735,156.0981196908,2
96,157222801-157222811-001.BMP,125.8480973656,126.1808658142,2
97,157222801-157222811-002.BMP,96.957605985,96.3690773067,2
98,157222801-157222844-001.BMP,184.7784582483,175.45562360259999,2
99,157223246-157223258-001.BMP,157.1095676825,201.0239546421,2
100,157223321-157223328-001.BMP,122.69570405729999,228.78400954650002,2
101,157223321-157223341-001.BMP,139.824041402,118.48412138319999,2
102,157223394-157223406-001.BMP,85.3216865446,177.5454392743,2
103,157223394-157223406-002.BMP,159.0653308875,102.04825737270001,2
104,157223394-157223428-001.BMP,121.6305183818,173.8280264575,2
105,157223394-157223428-002.BMP,142.0986407767,83.81825242720001,2
106,157223549-157223570-001.BMP,132.9148418491,128.3591240876,2
107,157223779-157224140-001.BMP,158.1769894349,155.2474556557,2
108,157224458-157224464-001.BMP,153.27832708260001,173.8379361291,2
109,157268504-157268534-001.BMP,167.06676899459998,141.13277052950002,2
110,158989297-158989324-001.BMP,109.0060307483,86.0056060477,2
111,209047526-209047626-001.BMP,127.5762572135,198.1780708986,2
112,209047526-209047762-001.BMP,120.02054794520001,117.1674277017,2
113,209047881-209047928-001.BMP,157.86956885729998,161.2932607786,2
114,209048086-209048239-001.BMP,161.62077552469998,127.4998221274,2
115,209307421-209307504-001.BMP,116.9724596391,98.68793922129998,2
116,209307421-209307561-001.BMP,121.1108033241,71.305401662,2
117,209522316-209522391-001.BMP,151.9743748708,131.976028105,2
118,209522474-209522522-001.BMP,119.2207161643,150.9099737002,2
119,209522474-209522554-001.BMP,122.3696219584,187.599562179,2
120,209522641-209522674-001.BMP,144.628534586,203.2207792208,2
121,209522800-209522835-001.BMP,111.4772596431,188.1350988294,2
122,209522940-209522970-001.BMP,112.3979752138,87.7011694886,2
123,209522940-209522991-001.BMP,153.96113809850002,109.56419153370001,2
124,209522940-209523052-001.BMP,121.6606622062,99.91284954540001,2
125,209565409-209565466-001.BMP,180.21556534509998,125.1712187959,2
126,209565409-209565503-001.BMP,126.57485875709999,192.0324858757,2
127,209565409-209565600-001.BMP,176.7540432139,192.5056281537,2
128,209565698-209565729-001.BMP,151.7930835735,159.4541786744,2
129,209565698-209565772-001.BMP,122.0715899978,152.3166873223,2
130,209565864-209565890-001.BMP,81.2623223659,129.6822429907,2
131,209565864-209565911-001.BMP,93.24598010620001,168.3595841747,2
132,209565864-209565950-001.BMP,174.2885458357,174.39756051080002,2
133,209566047-209566095-001.BMP,117.3510645099,187.7752061889,2
134,209566047-209566125-001.BMP,178.05738909020002,184.3980021545,2
135,209566205-209566247-001.BMP,168.8746110991,92.60979668620001,2
136,209566205-209566266-001.BMP,114.90096798209998,150.5366095805,2
137,209566205-209566289-001.BMP,94.59110262809999,237.0682719131,2
138,209566205-209566321-001.BMP,146.9388008698,142.8182665424,2
139,209566205-209566333-001.BMP,154.8017414601,143.5545880777,2
140,209566399-209566464-001.BMP,92.8233218259,155.1883390871,2
141,209566399-209566485-001.BMP,190.0999529159,113.89681845700001,2
142,209566399-209566517-001.BMP,128.02340290959998,170.9860847565,2
143,153956040-153956058-001.BMP,33.8953206239,54.3094165222,3
144,153956040-153956058-002.BMP,55.4565376187,45.9801732234,3
145,153956040-153956058-003.BMP,69.7768112624,42.1188050818,3
146,153956040-153956058-004.BMP,29.6106882419,77.56129238300001,3
147,153956040-153956058-005.BMP,76.7216843399,38.0654679576,3
148,153956040-153956058-006.BMP,63.302115121499995,40.519414921599996,3
149,153956040-153956072-001.BMP,52.803057649399996,41.5610999044,3
150,153956040-153956072-002.BMP,39.7211067825,53.6405953451,3
151,153956040-153956072-003.BMP,62.3787322156,38.7763008483,3
152,153956040-153956072-004.BMP,81.9804243281,39.6560113154,3
153,153956444-153956458-001.BMP,28.3228646903,61.7372077096,3
154,153956444-153956458-002.BMP,34.7913586174,80.6106577052,3
155,153956444-153956458-003.BMP,31.9479039479,17.7041921042,3
156,153956444-153956458-004.BMP,61.59239878819999,24.0468190581,3
157,153958154-153958168-001.BMP,58.8808504356,43.8494020375,3
158,153958154-153958168-003.BMP,66.7216241157,44.2637137291,3
159,153958154-153958179-001.BMP,31.0495867769,43.7291092746,3
160,153958154-153958179-002.BMP,32.2564361434,25.1519434629,3
161,153958154-153958194-001.BMP,33.780287474299996,48.250513346999995,3
162,153958154-153958194-002.BMP,81.80231863270001,28.4890641807,3
163,153958154-153958194-003.BMP,45.4410927718,17.126465566300002,3
164,153958154-153958194-004.BMP,58.9504794844,17.091652255899998,3
165,153958154-153958211-001.BMP,53.4529277384,31.051581099,3
166,153958154-153958248-002.BMP,28.6969386594,43.1992716513,3
167,153958154-153958248-003.BMP,25.1604010025,71.0676691729,3
168,153958345-153958364-001.BMP,16.6579494073,55.409507515600005,3
169,153958547-153958572-001.BMP,28.4080314802,41.3149026334,3
170,153958547-153958572-002.BMP,30.862639014099997,21.4619777577,3
171,153958547-153958572-003.BMP,26.649821701500002,43.9034131431,3
172,153958547-153958572-004.BMP,33.14,36.8676190476,3
173,153958547-153958572-005.BMP,40.7774552944,48.5872109353,3
174,153958547-153958572-006.BMP,34.3788337502,31.3197314729,3
175,153958547-153958572-007.BMP,37.0694300518,30.444559585500002,3
176,153958547-153958572-008.BMP,41.9761799735,22.361711513000003,3
177,153958547-153958572-009.BMP,42.797133679299996,48.3736100815,3
178,153958547-153958590-001.BMP,39.0321034978,114.69746046959999,3
179,153958547-153958590-002.BMP,33.8844097428,146.5263515234,3
180,157181146-157181197-001.BMP,30.4332223664,40.9889973481,3
181,157181146-157181197-002.BMP,25.917851500799998,35.336492891,3
182,157181146-157181197-003.BMP,29.7044553457,36.6582890935,3
183,157181481-157181497-001.BMP,33.467243695,29.468437546599997,3
184,157181481-157181497-002.BMP,39.9793717768,30.5391467417,3
185,157181481-157181497-003.BMP,25.8996838417,34.3262411348,3
186,157181481-157181497-004.BMP,33.2413942882,29.6753176241,3
187,157184850-157184920-001.BMP,67.0912194197,32.303432581100004,3
188,157184850-157184920-002.BMP,45.2702681326,28.832397374,3
189,157185433-157185454-001.BMP,40.3721927218,54.582549812399996,3
190,157185433-157185479-001.BMP,21.924328276399997,70.04203984649999,3
191,157185433-157185479-002.BMP,30.5153567783,29.7826853484,3
192,157185433-157185479-003.BMP,29.468995191100003,52.932422171599995,3
193,157185433-157185479-004.BMP,33.5590464682,63.883115456400006,3
194,157185433-157185479-005.BMP,33.8926844733,51.928033605500005,3
195,157185433-157185479-006.BMP,29.818555113600002,27.6407031952,3
196,157185433-157185479-007.BMP,25.135463000399998,84.425394258,3
197,157185433-157185508-001.BMP,50.507136142200004,35.0472609179,3
198,157185433-157185508-002.BMP,32.2689949842,60.836708155299995,3
199,157185433-157185508-003.BMP,38.0327080327,53.3352573353,3
200,157185433-157185508-004.BMP,38.5410860163,35.1254204709,3
201,157185433-157185508-005.BMP,51.993997705,29.945802807,3
202,157185433-157185508-006.BMP,102.17049004729999,31.8107649737,3
203,157185527-157185540-001.BMP,64.0208496221,68.7815133351,3
204,157185527-157185540-002.BMP,47.6656282451,82.2651436483,3
205,157185527-157185540-003.BMP,45.5287115972,28.9998391507,3
206,157185527-157185540-004.BMP,25.904048996300002,84.2381762504,3
207,157185730-157185758-001.BMP,63.0151331333,61.3386118383,3
208,157185730-157185758-002.BMP,32.4910538045,66.193950971,3
209,157185781-157185793-001.BMP,72.4407754383,36.786939987,3
210,157185781-157185793-002.BMP,44.191752577299994,31.1945017182,3
211,157185781-157185793-003.BMP,38.084455136399995,34.7746327481,3
212,157185781-157185814-001.BMP,128.3782024732,24.521625939299998,3
213,157185781-157185814-002.BMP,92.00897204440001,86.3679632365,3
214,157224172-157224207-001.BMP,24.146341463400002,72.8304878049,3
215,157224172-157224207-002.BMP,31.312414734,83.0013642565,3
216,157224172-157224207-003.BMP,42.3351271108,86.99202078309999,3
217,157227058-157227087-001.BMP,71.4287418008,31.078115682800004,3
218,157227461-157227503-001.BMP,33.2921751615,47.9119406557,3
219,157227461-157227503-002.BMP,50.4760955273,79.4797661667,3
220,157227461-157227503-003.BMP,34.3020100271,89.9060760775,3
221,157266930-157266947-001.BMP,27.8368212942,27.527437554200002,3
222,157266930-157266947-002.BMP,44.5089679782,22.121138135,3
223,157266930-157266947-003.BMP,50.8921043637,27.275834567600004,3
224,157267001-157267013-001.BMP,43.4407894737,27.042763157899998,3
225,157267059-157267072-001.BMP,28.8350657483,27.9203506575,3
226,157267059-157267072-002.BMP,19.3463791599,27.1698865761,3
227,157267059-157267072-003.BMP,36.784129119,33.1055817081,3
228,157267059-157267072-004.BMP,47.5874320562,42.1773830041,3
229,157267263-157267286-001.BMP,31.6687038988,27.554056902,3
230,157267263-157267286-002.BMP,82.625986323,18.1939330177,3
231,158986766-158986776-001.BMP,60.825456053100005,57.5630182421,3
232,158986766-158986776-002.BMP,33.4695088623,78.55391582729999,3
233,158986813-158986820-001.BMP,36.1933522072,38.0689944427,3
234,158986813-158986820-002.BMP,46.079449699099996,38.708168529699996,3
235,158986920-158986928-001.BMP,26.398256718899997,102.1952889903,3
236,158986920-158986928-002.BMP,34.9785659214,70.966846569,3
237,158986920-158986928-003.BMP,81.0961465953,57.499434431800005,3
238,158986920-158986928-004.BMP,19.4212796986,108.61663729719999,3
239,158986920-158986928-005.BMP,34.152120685599996,92.0060026854,3
240,158986920-158986928-006.BMP,65.0861618799,44.4171577769,3
241,148494967-148494986-001.BMP,99.74149659860001,153.3204673174,4
242,148495491-148495504-001.BMP,70.320002205,223.37950993630002,4
243,148495553-148495585-001.BMP,136.1955477957,96.6887821912,4
244,148495842-148495854-001.BMP,51.265418368599995,39.4703765115,4
245,148495842-148495863-001.BMP,51.5623672629,117.56862916819999,4
246,148495885-148495896-001.BMP,68.9748829289,123.13296438200001,4
247,148497551-148497588-001.BMP,53.6975758442,41.214268705100004,4
248,148497551-148497625-001.BMP,80.1746303699,66.8029697316,4
249,148497676-148497704-001.BMP,68.3254408614,55.9270449926,4
250,148497676-148497718-001.BMP,72.2544068943,78.87183504859999,4
251,148497788-148497816-001.BMP,29.1768831738,47.722364287299996,4
252,148497788-148497816-002.BMP,148.1795808282,34.1846378603,4
253,148497788-148497836-001.BMP,69.1218177295,85.5503773116,4
254,148497788-148497836-002.BMP,73.8519891384,73.4209732339,4
255,148498683-148498703-001.BMP,87.0576791341,89.07165365120001,4
256,148498683-148498716-001.BMP,60.4254434251,128.7412844037,4
257,148499274-148499302-001.BMP,40.2655765158,106.6467024578,4
258,148499383-148499424-002.BMP,59.2458915995,72.3058079004,4
259,148499383-148499452-001.BMP,51.019043536800005,47.2255220133,4
260,148499383-148499452-002.BMP,33.2066445183,59.5210631229,4
261,148499383-148499474-001.BMP,52.7791357709,63.359754538500006,4
262,148499815-148500094-001.BMP,117.8314778433,89.7633704431,4
263,148500154-148500165-001.BMP,75.5650490621,104.66137107,4
264,148503071-148503092-001.BMP,113.915600647,43.328530118100005,4
265,148503071-148503092-002.BMP,64.1586967207,137.4056597149,4
266,148503209-148503222-001.BMP,95.588458774,115.3777595236,4
267,148503209-148503222-003.BMP,48.3582870219,43.422556391,4
268,148503209-148503231-001.BMP,128.6091215015,50.4474296189,4
269,148503400-148503415-003.BMP,54.5290345886,71.0718564677,4
270,148503400-148503424-001.BMP,130.0142208775,101.40847201209999,4
271,148503400-148503432-001.BMP,67.01900618270001,81.07150737970001,4
272,148503568-148503580-001.BMP,57.562169312200005,148.6361111111,4
273,148503568-148503580-002.BMP,80.5681759675,77.7922828294,4
274,148503568-148503580-003.BMP,83.2605042017,59.939764705900004,4
275,148503568-148503598-001.BMP,49.6144457983,64.1051475141,4
276,148503664-148503675-001.BMP,105.0404086429,110.807261565,4
277,148503664-148503675-002.BMP,56.71965261729999,163.0198103221,4
278,148503664-148503685-001.BMP,84.50619229899999,78.7773024094,4
279,148503664-148503685-002.BMP,73.4399555079,129.761569936,4
280,148503900-148503914-001.BMP,39.5608827752,89.54225234549999,4
281,148710162-148710195-001.BMP,98.6290504457,79.83523754810001,4
282,148710162-148710195-002.BMP,62.5900158672,65.3421213231,4
283,148714237-148714247-001.BMP,71.291321035,121.35916800790001,4
284,148714902-148714917-001.BMP,81.3394614578,103.4642553829,4
285,148718455-148718461-001.BMP,93.44258315809999,60.140504381899994,4
286,148719308-148719348-002.BMP,44.984484332200005,47.0303620322,4
287,148719308-148719348-004.BMP,39.4900933841,50.9210929394,4
288,148719308-148719348-005.BMP,60.463555533199994,57.628773798199994,4
289,148719308-148719357-001.BMP,44.5035518389,87.92986242239999,4
290,148719308-148719357-002.BMP,54.532337785299994,91.0985382269,4
291,148719372-148719378-001.BMP,150.0717338382,235.5076007574,4
292,148839765-148839773-001.BMP,118.1729374536,211.286265841,4
293,148839825-148839835-001.BMP,99.9231955356,169.8485938762,4
294,148841826-148841854-001.BMP,89.9211949313,95.4382843267,4
295,148842055-148842064-001.BMP,194.07225929790002,98.702873024,4
296,148881675-148881704-001.BMP,101.64603619959999,95.98481597620001,4
297,148881729-148881744-001.BMP,117.73668693569999,136.5876174682,4
298,148881870-148881960-001.BMP,65.6969290899,59.0780569514,4
299,148881870-148881960-002.BMP,44.620746626800006,76.3790566854,4
300,148881870-148882178-001.BMP,36.2777839706,43.5465388474,4
301,148881870-148882178-002.BMP,43.928730512200005,38.152437515500004,4
302,148881870-148882187-001.BMP,48.0629689878,108.5627328541,4
303,148882307-148882323-001.BMP,80.5105150812,152.4674524362,4
304,148882307-148882323-002.BMP,100.8,108.2092358326,4
305,148882307-148882410-001.BMP,47.0904039897,53.27683502359999,4
306,148882307-148882447-001.BMP,72.841120862,117.0209738082,4
307,148882535-148882616-001.BMP,92.4449833983,103.1091092825,4
308,148882535-148882616-002.BMP,51.3396342212,98.85307475139999,4
309,148882671-148882687-001.BMP,84.2830815521,89.8544474394,4
310,148882671-148882687-002.BMP,103.1386018461,136.496745486,4
311,148883900-148883907-001.BMP,60.2796720354,94.7904582482,4
312,148883996-148884017-001.BMP,66.0764741177,58.3812796596,4
313,148884702-148884710-001.BMP,190.0890218932,114.5808158765,4
314,148884702-148884710-002.BMP,122.5414336873,151.0050888987,4
315,148886869-148886897-001.BMP,101.9530752916,105.43518027569999,4
316,149011613-149011656-001.BMP,148.39924628059998,172.59093849310003,4
317,149014929-149015022-001.BMP,82.13454789020001,76.247019424,4
318,149014929-149015022-002.BMP,49.676905634499995,92.461834577,4
319,149015418-149015435-001.BMP,96.0348059961,112.3651465412,4
320,149015418-149015435-002.BMP,174.8944022965,65.8782038138,4
321,149053423-149053447-001.BMP,87.1194080054,104.2552976791,4
322,149053945-149053983-001.BMP,107.3160807292,53.0712890625,4
323,149054277-149054304-001.BMP,48.5232666791,54.6436927677,4
324,149054277-149054304-002.BMP,88.92840857270001,78.1135937579,4
325,149054526-149054540-001.BMP,77.9592340951,69.7387276096,4
326,149054526-149054563-001.BMP,52.702931494,52.101896849,4
327,149054642-149054677-002.BMP,144.7293958577,48.664003441700004,4
328,149054642-149054677-003.BMP,73.7868041237,55.3422680412,4
329,149058881-149058910-001.BMP,39.0849590495,127.3138598896,4
330,149059215-149059228-001.BMP,79.77585056699999,82.5519235046,4
331,149059215-149059228-002.BMP,68.6493839836,66.4820328542,4
332,149061666-149061726-001.BMP,54.016689846999995,83.88555533479999,4
333,149061666-149061726-002.BMP,102.05340857969999,44.6888316362,4
334,149061666-149061726-003.BMP,49.3010947168,73.7622084722,4
335,149095913-149095926-001.BMP,63.2838627359,83.1374655832,4
336,149095972-149095990-001.BMP,75.1493623755,78.536572652,4
337,149099276-149099290-001.BMP,117.7123352776,76.0594512854,4
338,149099276-149099290-002.BMP,95.837173353,119.5003312477,4
339,149099398-149099421-001.BMP,106.7721342753,81.7049450833,4
340,149099502-149099525-001.BMP,55.898996171,98.4820449136,4
341,149099502-149099525-002.BMP,85.12572590010001,94.8536585366,4
342,149100006-149100018-001.BMP,74.68821698949999,55.997399099,4
343,149102442-149102451-001.BMP,63.0809213571,61.607889209300005,4
344,149102442-149102460-002.BMP,55.0105606053,72.8717490674,4
345,149105003-149105050-001.BMP,43.8196832273,54.0787870583,4
346,149105003-149105050-002.BMP,54.557913231499995,71.3150425733,4
347,149140169-149140178-001.BMP,76.909486187,98.5488095869,4
348,149140169-149140178-002.BMP,42.7418432265,77.82221444,4
349,149140169-149140188-001.BMP,41.3442542896,109.7557878848,4
350,149316852-149316872-001.BMP,113.5172100139,102.88102867299999,4
351,149317002-149317018-001.BMP,78.17564289180001,60.615512580600004,4
352,149357849-149357874-001.BMP,100.9494681601,61.7661033208,4
353,149788716-149788727-001.BMP,63.9884035562,69.8853240562,4
354,149788716-149788727-002.BMP,64.6848580959,180.0465904741,4
355,149788716-149788727-003.BMP,47.201200252700005,97.8338597599,4
356,149788987-149788996-001.BMP,58.0527156029,94.1840810608,4
357,149788987-149788996-003.BMP,64.32982518729999,83.8175169461,4
358,149788987-149789006-001.BMP,77.078920842,54.3622887637,4
359,153266866-153266917-001.BMP,52.0682854785,73.82059858390001,4
360,153266866-153266917-002.BMP,56.1572886893,104.446876276,4
361,153268036-153268083-001.BMP,136.1685626226,62.79338750350001,4
362,153268807-153268826-001.BMP,88.12467087659999,158.12445681260002,4
363,153275719-153275737-001.BMP,56.192528956000004,125.49743039040001,4
364,153275831-153275844-001.BMP,139.1689286589,62.7265754617,4
365,153313074-153313079-001.BMP,67.22160158300001,108.07925256120001,4
366,153314083-153314092-002.BMP,73.40795427479999,91.3040247678,4
367,153314466-153314473-001.BMP,84.4089783931,79.17499475560001,4
368,153314466-153314473-002.BMP,60.53743995479999,89.7592540266,4
369,153314466-153314473-003.BMP,100.0634560907,91.3699716714,4
370,153314759-153314767-002.BMP,48.460026763500004,77.2147581724,4
371,153314759-153314767-003.BMP,49.3094812165,46.5014907573,4
372,153314857-153314882-001.BMP,58.309567881499994,47.3686091785,4
373,153314857-153314882-002.BMP,94.3952997586,109.277506711,4
374,153354589-153354597-001.BMP,97.1561470269,52.4992453071,4
375,153354589-153354597-002.BMP,55.5451957295,62.2412811388,4
376,153354858-153354901-001.BMP,121.05009082229999,77.8000677319,4
377,153354858-153354901-002.BMP,181.4101646385,121.7335719399,4
378,153655593-153655600-001.BMP,42.675551352,58.784918963100004,4
379,153655593-153655600-002.BMP,64.939839537,51.1137182691,4
380,153655593-153655608-001.BMP,85.3552834809,180.2710868337,4
381,153656862-153656873-001.BMP,100.7225478939,106.27038133799999,4
382,153656862-153656891-001.BMP,97.9950669753,102.35206617840001,4
383,153656957-153656964-001.BMP,166.0552263732,80.795589211,4
384,153657257-153657289-001.BMP,44.337426833500004,126.66865603120002,4
385,153657257-153657289-002.BMP,49.7339849145,80.4820992245,4
386,153657327-153657363-001.BMP,99.44224226860001,106.3084655736,4
387,153657327-153657363-002.BMP,91.48788768930001,84.1600732461,4
388,153657419-153657488-001.BMP,97.49646660370001,80.6440225356,4
389,153657419-153657488-002.BMP,78.9591547075,90.1162953117,4
390,153657599-153657610-001.BMP,80.0383886447,114.23379975,4
391,153657599-153657610-002.BMP,90.4425580079,94.5179683079,4
392,153657599-153657622-002.BMP,75.9470790094,129.9790796709,4
393,153657599-153657633-001.BMP,78.6531331904,94.5841315225,4
394,153657599-153657633-002.BMP,65.9333546754,87.3802275836,4
395,153657698-153657708-001.BMP,122.7223212352,188.8977797025,4
396,153697097-153697106-001.BMP,77.3832242548,106.10614925649999,4
397,153697726-153697736-001.BMP,52.2268080439,143.613308958,4
398,153700207-153700215-001.BMP,47.9357441611,81.4020801717,4
399,153700207-153700224-001.BMP,64.3183047791,99.79981965729999,4
400,153701009-153701019-001.BMP,30.581288811999997,80.5977807187,4
401,153701009-153701019-002.BMP,58.011342155,68.030108266,4
402,153701139-153701148-001.BMP,125.4666969766,138.6984645271,4
403,153701557-153701566-001.BMP,83.3270754052,98.32050739959999,4
404,153701949-153701958-001.BMP,64.3539003887,90.9065533761,4
405,153701949-153701964-001.BMP,82.9888195834,120.22690361299999,4
406,153702037-153702051-001.BMP,86.7067530598,75.7616702664,4
407,153702037-153702051-002.BMP,101.1822758967,101.40872363620001,4
408,153702037-153702051-003.BMP,61.3384771574,90.95796954309999,4
409,153702037-153702060-001.BMP,91.5840744216,132.2541855518,4
410,153829664-153829672-001.BMP,137.6109933127,103.80574131459998,4
411,153829700-153829705-001.BMP,108.8902729652,124.560316973,4
412,153829745-153829754-001.BMP,136.4974681402,243.57079444419998,4
413,154519964-154519981-001.BMP,47.132262494799996,96.12133516450001,4
414,154520056-154520096-001.BMP,104.50566452059999,97.883116235,4
415,204870858-204870872-001.BMP,67.4957636231,38.3202442906,4
416,204870858-204870872-002.BMP,64.3534043347,49.68447225560001,4
417,204870926-204870933-001.BMP,82.21184417399999,52.247597973599994,4
418,204870926-204870933-002.BMP,66.1948173932,61.810486767200004,4
419,204870951-204870961-001.BMP,73.6644134206,92.137736282,4
420,204870951-204870961-002.BMP,77.95675216720001,104.6288601909,4
421,204871030-204871038-001.BMP,90.4818825134,106.12959331569999,4
422,204871030-204871038-002.BMP,115.2785599809,129.1867706857,4
423,148848523-148848538-001.BMP,55.769377329799994,64.1709788762,5
424,148848523-148848559-001.BMP,37.7721331689,64.4966707768,5
425,148848523-148848559-002.BMP,60.610822532700006,69.0110444299,5
426,148848523-148848559-003.BMP,57.4381118412,64.4468284833,5
427,148848523-148848559-004.BMP,49.7992062325,80.9472291636,5
428,149013033-149013072-001.BMP,52.397494305200006,60.0037965072,5
429,149014631-149014646-001.BMP,35.1180498494,45.069076965200004,5
430,149014631-149014646-002.BMP,63.004453759499995,50.4972491485,5
431,149014631-149014646-003.BMP,50.80849175229999,101.71758266139999,5
432,149014631-149014646-004.BMP,68.6053671162,54.9551832175,5
433,149014631-149014654-001.BMP,45.6357331114,66.9321681232,5
434,149014631-149014654-002.BMP,63.8269824923,55.048261657,5
435,149014631-149014654-003.BMP,55.343901447600004,93.23578150889999,5
436,149014929-149014984-001.BMP,60.8511112487,52.8097567015,5
437,149014929-149014994-001.BMP,97.8639570391,92.1333052543,5
438,149014929-149015008-001.BMP,57.436543486400005,84.8736468832,5
439,149014929-149015008-002.BMP,61.3185910599,45.0890328016,5
440,149014929-149015008-003.BMP,83.9143345631,50.5148924683,5
441,149015814-149015831-001.BMP,80.5211653734,65.47911342409999,5
442,149053341-149053350-001.BMP,61.6279357595,87.58579637540001,5
443,149053341-149053350-002.BMP,38.0606702173,106.06450759200001,5
444,149053533-149053553-001.BMP,96.1884977519,71.8680265075,5
445,149053945-149053969-001.BMP,50.4368537866,86.1365235749,5
446,149053945-149053976-001.BMP,49.5263684436,207.1886808632,5
447,149054169-149054199-001.BMP,103.48105979540001,85.6910499508,5
448,149054642-149054724-001.BMP,35.7993626815,71.2050041308,5
449,149057261-149057272-001.BMP,47.692909030600006,58.748773922299996,5
450,149057261-149057272-002.BMP,40.7497856285,49.3116103584,5
451,149057756-149057766-001.BMP,109.5751655474,89.8034095712,5
452,149057756-149057766-002.BMP,55.6155915899,75.5095840179,5
453,149057756-149057776-001.BMP,97.1089026743,61.9627793108,5
454,149057756-149057788-001.BMP,65.3432697744,79.8024361412,5
455,149057756-149057788-002.BMP,100.1077441077,56.998768169499996,5
456,149057812-149057825-001.BMP,73.0241870813,64.035802054,5
457,149057812-149057825-003.BMP,111.01236129780001,83.6549379299,5
458,149057812-149057825-004.BMP,70.4919600174,40.4028683181,5
459,149057812-149057825-005.BMP,54.201459854,47.693206063999995,5
460,149057812-149057847-002.BMP,54.0011342691,57.6098114278,5
461,149057812-149057847-003.BMP,49.688899649,68.4415930275,5
462,149057812-149057847-004.BMP,59.604131720699996,48.0752185045,5
463,149057812-149057847-005.BMP,68.28046139119999,66.862640407,5
464,149057812-149057847-006.BMP,53.670900528000004,40.8916797488,5
465,149058262-149058272-003.BMP,85.3874093101,70.31012572659999,5
466,149058262-149058288-001.BMP,80.90219416890001,60.04207995189999,5
467,149058262-149058288-002.BMP,60.248854262100004,52.1828597617,5
468,149058262-149058288-003.BMP,76.7985260648,69.7873631733,5
469,149058262-149058288-004.BMP,50.860768254700005,57.1198523474,5
470,149058262-149058288-005.BMP,46.558791244300004,63.69522825600001,5
471,149060626-149060638-001.BMP,46.7764929135,89.5703018443,5
472,149060626-149060638-002.BMP,71.1751326763,98.9496029688,5
473,149060932-149060940-001.BMP,59.83560717100001,94.8167775397,5
474,149060932-149060940-002.BMP,148.3204380168,85.24137931029999,5
475,149061666-149061683-003.BMP,35.3836241611,53.2053691275,5
476,149061666-149061699-001.BMP,54.696344260100005,46.891317055600005,5
477,149061666-149061699-003.BMP,95.6887384475,104.40893013350001,5
478,149062277-149062289-001.BMP,66.0726198418,41.0593729153,5
479,149062593-149062608-001.BMP,82.6879958041,52.187504097600005,5
480,149096505-149096567-001.BMP,83.4687057491,165.8363069952,5
481,149096505-149096601-001.BMP,110.1700204141,64.3240011665,5
482,149097324-149097352-001.BMP,68.5754527163,67.5075452716,5
483,149097324-149097373-001.BMP,79.260819283,118.03055572459999,5
484,149097324-149097388-001.BMP,60.488414818100004,63.1192519674,5
485,149097594-149097637-001.BMP,56.6703961989,108.2814008736,5
486,149097594-149097637-002.BMP,65.4969252524,54.4373047453,5
487,149097594-149097661-001.BMP,83.1058095869,74.0901259112,5
488,149098972-149099015-001.BMP,119.4721956813,42.3917446971,5
489,149098972-149099015-002.BMP,113.16065961219999,37.077509802899996,5
490,149099502-149099544-001.BMP,88.152789412,44.7010889596,5
491,149099680-149099714-001.BMP,102.8716930166,110.2969730675,5
492,149100064-149100072-001.BMP,71.4774591072,160.3361851146,5
493,149101437-149101456-001.BMP,78.2510197826,63.3103675933,5
494,149101437-149101467-001.BMP,99.32125,89.5070833333,5
495,149101437-149101467-002.BMP,135.679259028,83.2007492975,5
496,149101620-149101650-001.BMP,72.3515032088,115.03528346600001,5
497,149101620-149101650-002.BMP,63.137483860100005,78.23364958180001,5
498,149101620-149101650-003.BMP,61.3963502304,49.1670414747,5
499,149101620-149101650-004.BMP,59.1454810746,77.3344777272,5
500,149101620-149101664-001.BMP,51.0640726329,81.60657155210001,5
501,149102510-149102519-001.BMP,74.4173514126,48.534943817,5
502,149102510-149102519-002.BMP,40.076318743,59.2188552189,5
503,149102510-149102527-001.BMP,74.404201805,55.6993638112,5
504,149102510-149102527-002.BMP,48.683602771400004,78.6620917189,5
505,149102510-149102527-003.BMP,59.266882055,55.7140919788,5
506,149105131-149105205-001.BMP,47.717246789700006,92.56798381440001,5
507,149105131-149105205-002.BMP,80.5260115607,65.1759794477,5
508,149105131-149105205-003.BMP,46.358571138100004,38.2891615265,5
509,149105131-149105205-004.BMP,63.71346583060001,58.44220072979999,5
510,149105131-149105260-001.BMP,39.315089060300004,57.93407493350001,5
511,149105131-149105260-002.BMP,42.2427931961,51.005192479899996,5
512,149105289-149105300-001.BMP,50.351506558000004,48.77079049979999,5
513,149105289-149105300-002.BMP,61.2679070059,60.0751733442,5
514,149105289-149105311-001.BMP,80.4994958254,47.724761021300004,5
515,149105289-149105311-002.BMP,62.5633043999,51.898576131999995,5
516,149105289-149105311-003.BMP,62.3685545224,55.1131505857,5
517,149105289-149105311-004.BMP,60.712393668599994,38.3874232799,5
518,149140081-149140096-001.BMP,109.5216226766,103.8774647698,5
519,149140081-149140096-002.BMP,71.5691233723,117.27963485030001,5
520,149140536-149140551-001.BMP,114.4759209882,103.6320400501,5
521,149140849-149140856-001.BMP,52.99850783390001,107.3191992042,5
522,149143434-149143442-001.BMP,70.0155911142,120.9539104781,5
523,149190861-149190868-001.BMP,101.0092793807,162.2521770855,5
524,149315960-149315967-001.BMP,71.2561703382,67.9574645743,5
525,149316754-149316762-002.BMP,70.6726057906,66.1286519062,5
526,149316754-149316779-001.BMP,74.4594936709,40.7215189873,5
527,149316754-149316779-002.BMP,79.2316733684,37.9709248376,5
528,149316941-149316952-001.BMP,116.795527739,48.4870875615,5
529,149316941-149316961-002.BMP,31.4002466852,90.85137218620001,5
530,149357849-149357857-001.BMP,64.064222174,68.56411369060001,5
531,149357849-149357857-002.BMP,58.983653162799996,49.900734423100005,5
532,149357849-149357857-003.BMP,58.805361930299995,73.5469656349,5
533,149357849-149357867-001.BMP,45.0444851066,84.1397846237,5
534,149357849-149357867-002.BMP,64.0710373565,68.6031624725,5
535,149358108-149358125-001.BMP,40.1254831662,52.445241163,5
536,153275893-153275939-001.BMP,51.9100727353,46.570861803,5
537,153275893-153275939-003.BMP,85.168217303,43.834171033400004,5
538,153276386-153276405-001.BMP,70.5620828969,48.8192727817,5
539,153276386-153276405-002.BMP,93.3866537012,62.2384830436,5
540,153276386-153276405-003.BMP,76.86561774569999,106.4870481595,5
541,153276386-153276405-004.BMP,66.1281384064,63.001617554,5
542,153276386-153276414-001.BMP,88.64161341379999,78.650876473,5
543,153276799-153276818-002.BMP,120.6383766685,101.0940513849,5
544,153697342-153697353-001.BMP,94.4908159152,58.4920826856,5
545,153697342-153697366-001.BMP,64.5732087227,64.9458394325,5
546,153697342-153697366-002.BMP,53.118474897700004,63.5175167182,5
547,153697342-153697375-001.BMP,37.3109113753,53.4466028801,5
548,153697342-153697375-002.BMP,33.6428957738,59.9647686008,5
549,153697342-153697375-003.BMP,43.01881720430001,37.2562724014,5
550,153697342-153697384-001.BMP,39.6821562266,44.0353381582,5
551,153697342-153697384-002.BMP,57.7555057365,75.5120664645,5
552,153698259-153698268-001.BMP,42.6712857567,43.2473522716,5
553,153698259-153698268-002.BMP,35.1401147928,55.576713452,5
554,153698259-153698268-003.BMP,51.559757765200004,56.378198866999995,5
555,153701139-153701158-001.BMP,26.177785360900003,65.297389524,5
556,153701139-153701158-003.BMP,36.1793017971,61.5448598774,5
557,153701139-153701158-004.BMP,33.0997427837,44.991902448299996,5
558,153701139-153701158-005.BMP,33.554784118,66.7476676069,5
559,153701622-153701650-001.BMP,51.655598750900005,60.861895354,5
560,153829664-153829678-001.BMP,96.1514698555,65.71972011,5
561,153829700-153829711-001.BMP,45.65764213640001,50.503322668,5
562,153829745-153829763-001.BMP,153.0687717082,189.6724976318,5
563,153915230-153915252-001.BMP,45.527243543800004,74.03938204020001,5
564,153916675-153916684-001.BMP,116.45920864780001,91.9604323883,5
565,204870815-204870836-001.BMP,68.1370559764,31.9980311193,5
566,204870815-204870836-002.BMP,50.5825326258,46.8960275348,5
567,204870892-204870902-001.BMP,41.9470566179,51.111511061099996,5
568,204870892-204870910-001.BMP,59.0434552666,58.2714852358,5
569,149056321-149056343-001.BMP,68.3978756268,78.27121728270001,6
570,149056321-149056343-002.BMP,29.7503842912,52.18346804189999,6
571,149056321-149056343-003.BMP,36.617991601,26.8975171296,6
572,149056321-149056360-001.BMP,36.8102395491,53.396899953,6
573,149056321-149056360-002.BMP,49.8298903229,65.9733074924,6
574,149056321-149056360-003.BMP,51.590431512399995,69.9923234986,6
575,149056410-149056423-001.BMP,50.923076923100005,61.5339513906,6
576,149056410-149056423-002.BMP,45.987836238199996,60.7208457488,6
577,149056410-149056423-003.BMP,55.1269890796,56.8723868955,6
578,149056410-149056423-004.BMP,38.3849723263,88.8117627327,6
579,149056410-149056444-003.BMP,30.371446620300002,45.1017056222,6
580,149056410-149056444-004.BMP,30.8184785834,79.3245622712,6
581,149056410-149056444-005.BMP,37.7389763511,40.7060587474,6
582,149056410-149056458-001.BMP,32.10056082,37.4341520015,6
583,149056410-149056458-002.BMP,30.2737254902,20.507450980399998,6
584,149056410-149056458-004.BMP,33.106453809499996,32.036922145700004,6
585,149056410-149056458-005.BMP,26.8464046021,30.551869606900002,6
586,149056545-149056555-001.BMP,56.3457413249,67.3531019979,6
587,149056545-149056555-002.BMP,62.3555994567,95.2127423139,6
588,149056785-149056797-001.BMP,45.715691096899995,44.6507624201,6
589,149056785-149056797-003.BMP,33.2605628574,52.1595010025,6
590,149056785-149056797-004.BMP,40.4574082929,36.231983059,6
591,149056785-149056813-001.BMP,47.6320185615,38.8575406032,6
592,149056785-149056813-002.BMP,33.998838897,62.055732946300004,6
593,149056785-149056813-004.BMP,27.432166478499997,52.1142119697,6
594,149056785-149056813-006.BMP,39.8869035932,31.8602002749,6
595,149056785-149056813-007.BMP,42.4934709471,41.5053886069,6
596,149056873-149056884-001.BMP,28.123438449600002,38.4803835505,6
597,149056873-149056884-002.BMP,36.797924297899996,35.6538461538,6
598,149056933-149056945-002.BMP,28.5220539829,45.0727452271,6
599,149056933-149056945-004.BMP,35.6421365967,34.2265586241,6
600,149056933-149056945-005.BMP,41.637562248,28.1052881195,6
601,149056933-149056982-002.BMP,60.501021395500004,24.829158155,6
602,149056933-149056982-003.BMP,32.7206176723,32.3286626632,6
603,149056933-149056982-005.BMP,58.425910688900004,50.7969182437,6
604,149056933-149056982-006.BMP,37.4766419189,51.784351799,6
605,149057164-149057176-001.BMP,60.765014182899996,98.8694982436,6
606,149057164-149057197-001.BMP,26.2862092433,55.8544824599,6
607,149057164-149057197-002.BMP,51.7646345162,91.3353958144,6
608,149058170-149058202-001.BMP,38.5089882633,55.293715643999995,6
609,149058170-149058202-002.BMP,48.9867505797,44.8178204704,6
610,149058170-149058218-001.BMP,58.5836768343,39.649629019,6
611,149058170-149058218-002.BMP,41.566394915,35.651789415500005,6
612,149058170-149058218-003.BMP,56.7449359799,59.1621163878,6
613,149058170-149058218-004.BMP,41.696081364,66.4457074484,6
614,149058262-149058309-001.BMP,106.96672770309999,66.1038810236,6
615,149061221-149061261-002.BMP,54.069297843,37.526847177600004,6
616,149061221-149061289-001.BMP,40.9671509792,63.0249526216,6
617,149061548-149061568-002.BMP,47.1698550725,53.091884058000005,6
618,149061548-149061568-003.BMP,36.2555597437,53.9434602337,6
619,149061548-149061568-004.BMP,38.5698324022,35.8356884653,6
620,149062753-149062761-001.BMP,45.9347195071,42.0534328535,6
621,149096505-149096614-001.BMP,43.8596237337,27.9261939219,6
622,149096505-149096614-002.BMP,41.5802550936,42.581414609899994,6
623,149096505-149096614-003.BMP,35.830459173099996,27.792229378800002,6
624,149096854-149096870-001.BMP,40.2476276548,36.1656876036,6
625,149096927-149096943-001.BMP,41.5122985163,78.8749445458,6
626,149096927-149096943-002.BMP,89.6218066895,55.7766657888,6
627,149098972-149098988-001.BMP,59.100061930500004,65.1388127046,6
628,149098972-149098988-002.BMP,56.6105422829,75.5889268108,6
629,149099096-149099104-001.BMP,34.1872791519,51.1817264008,6
630,149100006-149100028-001.BMP,42.667478036,72.93165481310001,6
631,149100006-149100028-002.BMP,49.308394954300006,70.431491953,6
632,149101894-149101909-001.BMP,61.27343527399999,55.1121663976,6
633,149101894-149101909-002.BMP,37.2452090963,24.5989268376,6
634,149101894-149101909-003.BMP,52.8798624817,57.0334245878,6
635,149101894-149101918-001.BMP,45.804961505600005,45.43627031649999,6
636,149101894-149101930-001.BMP,40.832242106799995,32.8997526553,6
637,149101894-149101930-002.BMP,23.877495769899998,30.5637901861,6
638,149101894-149101930-003.BMP,23.0949950484,61.894416088999996,6
639,149105131-149105155-001.BMP,28.1973782372,40.0835553661,6
640,149105131-149105155-002.BMP,46.7234805474,33.5299109544,6
641,149105131-149105155-003.BMP,34.189182261,25.9861573955,6
642,149105131-149105155-004.BMP,20.5504950495,16.9240924092,6
643,149142457-149142465-001.BMP,60.1187931747,116.9255476176,6
644,149143028-149143108-001.BMP,38.5458305166,51.0101403746,6
645,149143028-149143108-002.BMP,27.0543094397,43.370048678100005,6
646,149143295-149143307-001.BMP,52.694787913,109.2811418074,6
647,149143469-149143479-002.BMP,72.2748445918,45.790302528000005,6
648,149143469-149143497-001.BMP,60.130386191499994,32.9313299392,6
649,149143469-149143497-002.BMP,84.3610513945,30.3916071889,6
650,149143469-149143497-003.BMP,65.8313737818,111.1756051556,6
651,149181806-149181819-001.BMP,79.6718806314,65.12467863239999,6
652,149181806-149181819-002.BMP,76.00597519600001,98.1561656843,6
653,149181806-149181819-003.BMP,58.3618585205,58.027648526499995,6
654,149183509-149183519-001.BMP,63.794251784,83.1979682721,6
655,149186957-149186968-001.BMP,43.4073309241,87.6217518499,6
656,149186957-149186968-002.BMP,41.1049482093,58.4679687737,6
657,149314587-149314605-001.BMP,41.8637745794,34.3604297588,6
658,149314679-149314719-001.BMP,56.9170419875,48.2843721246,6
659,149315229-149315291-001.BMP,37.4485060147,60.046876212700006,6
660,149315229-149315291-002.BMP,41.174263985399996,64.5596976625,6
661,149315229-149315291-003.BMP,51.8362688034,67.1778668078,6
662,149315229-149315310-001.BMP,57.0873291722,79.0385966189,6
663,149315229-149315310-002.BMP,60.8836005308,53.8015705554,6
664,149316754-149316795-002.BMP,37.8906650878,22.5100980199,6
665,149317002-149317010-001.BMP,45.6602345819,38.1602724177,6
666,149317002-149317010-002.BMP,30.077954474600002,45.9800436545,6
667,149317002-149317010-003.BMP,57.23590243899999,44.0054634146,6
668,149317204-149317230-001.BMP,55.2955603954,27.8996146758,6
669,149317204-149317230-002.BMP,69.3515358362,32.8558160354,6
670,149317204-149317230-003.BMP,39.781786405300004,37.806878472,6
671,153314857-153314909-001.BMP,32.0769352042,53.4724893583,6
672,153314857-153314909-002.BMP,33.8049348231,61.618249534499995,6
673,153314956-153314978-003.BMP,39.6290672451,53.2259064146,6
674,153314956-153314985-001.BMP,40.7504739923,56.4244772346,6
675,153314956-153314985-002.BMP,38.4199238132,52.964819616499994,6
676,153314956-153314996-001.BMP,98.5868995633,71.6419213974,6
677,153315615-153315624-001.BMP,69.9647165259,32.983715319699996,6
678,153315615-153315624-002.BMP,62.8611985143,107.67247864870001,6
679,153315615-153315629-001.BMP,34.0325995631,53.691816501400005,6
680,153315615-153315629-003.BMP,47.76765706,19.3589386253,6
681,153654325-153654351-001.BMP,37.783026641,44.1865421587,6
682,153654325-153654351-002.BMP,43.0708315824,58.333099873900004,6
683,153654325-153654351-003.BMP,34.7386039185,54.293590627200004,6
684,153654325-153654351-004.BMP,34.7178895632,80.2535733989,6
685,153654325-153654360-001.BMP,34.816464701,52.8295147917,6
686,153654325-153654360-002.BMP,36.3113297235,60.7871698425,6
687,153654325-153654360-003.BMP,64.27012401350001,54.4121758737,6
688,153654869-153654880-001.BMP,48.585690515799996,65.9171423156,6
689,153654869-153654880-003.BMP,40.2303331676,79.74818498260001,6
690,153654869-153654880-004.BMP,32.2853552981,39.1592907999,6
691,153655016-153655039-001.BMP,35.6009259259,31.4180555556,6
692,153655016-153655039-003.BMP,47.6894937959,26.28414409,6
693,153655016-153655039-004.BMP,33.9762428509,19.230972283299998,6
694,153655016-153655039-005.BMP,35.291190146999995,31.5289682041,6
695,153655087-153655101-002.BMP,53.3162480779,27.134290107600002,6
696,153655087-153655101-003.BMP,51.5286089239,21.8813648294,6
697,153657121-153657151-001.BMP,42.24306483,60.3353302553,6
698,153657121-153657160-001.BMP,39.0510068733,42.7386952852,6
699,153657121-153657160-002.BMP,35.616582840999996,58.85365496359999,6
700,153659229-153659243-001.BMP,32.686066496799995,69.5771943341,6
701,153659229-153659243-002.BMP,39.1451923077,31.4971153846,6
702,153659229-153659243-003.BMP,42.3236151603,47.4264889629,6
703,153659229-153659256-001.BMP,94.0136126048,46.8589478434,6
704,153659229-153659256-002.BMP,84.3665656272,32.6401195864,6
705,153659229-153659256-003.BMP,60.6042021579,21.221275790299998,6
706,153659229-153659264-001.BMP,66.1664333489,46.0734795458,6
707,153826963-153826970-001.BMP,42.3702442538,38.7885534674,6
708,153826963-153826976-001.BMP,52.320864622100004,83.7588602709,6
709,153826963-153826976-002.BMP,37.3056099804,46.1453076892,6
710,153826963-153826976-003.BMP,58.1282768121,55.4355171995,6
711,153826963-153826982-001.BMP,54.394978048199995,51.4186243549,6
712,153826963-153826982-002.BMP,49.170585933299996,84.87815290479999,6
713,153826963-153826982-003.BMP,62.817635420200006,40.2637100086,6
714,153826963-153826989-001.BMP,48.300444022600004,44.466257668699996,6
715,153826963-153826989-002.BMP,59.1519407061,46.7566998245,6
716,153827595-153827604-001.BMP,43.411764705900005,37.88,6
717,153827595-153827604-002.BMP,48.2112829449,37.9337834894,6
718,153827595-153827604-004.BMP,52.511158731,30.1372497779,6
719,153827595-153827611-001.BMP,32.437508266100004,39.5249305647,6
720,153827595-153827611-002.BMP,66.9546835778,53.238208482,6
721,153827595-153827618-001.BMP,31.8680475643,82.1550185398,6
722,153827595-153827618-002.BMP,34.2024539877,49.5914110429,6
723,153828877-153828890-001.BMP,63.7138474895,56.244479814799995,6
724,153828877-153828890-002.BMP,33.281265447399996,44.069769084099995,6
725,153828877-153828897-001.BMP,54.4135713137,51.924425148699996,6
726,153828877-153828902-002.BMP,51.6087517708,52.057547615299995,6
727,153828952-153828970-001.BMP,42.1038480513,34.969659595500005,6
728,153828952-153828980-001.BMP,39.6368118324,35.503149822,6
729,153828952-153829000-001.BMP,27.426035503,49.8938609467,6
730,153828952-153829000-002.BMP,35.4193753309,41.262043409200004,6
731,153828952-153829000-003.BMP,28.9220096914,37.9964294823,6
732,153828952-153829005-001.BMP,50.2751328671,40.7946293706,6
733,153828952-153829005-002.BMP,45.9852764938,48.3284369115,6
734,153828952-153829009-002.BMP,36.6115020062,45.815898121800004,6
735,153829063-153829073-001.BMP,39.0513493737,44.8451771188,6
736,153829063-153829073-002.BMP,28.1424774056,48.6604997342,6
737,153829063-153829078-001.BMP,41.328381413,43.687338054899996,6
738,153829063-153829086-001.BMP,28.162898550700003,27.8034782609,6
739,153829745-153829768-001.BMP,213.2197827748,52.5421994885,6
740,153829745-153829768-002.BMP,47.7409173105,76.8248749442,6
741,153829745-153829768-003.BMP,50.1878443672,88.71018055440001,6
742,153830261-153830340-001.BMP,36.4572882887,34.5847871598,6
743,153830261-153830340-002.BMP,43.7933697632,31.2754826958,6
744,153830680-153830827-001.BMP,29.3232566128,39.9658438435,6
745,153830680-153830827-002.BMP,30.9454271104,46.4055662671,6
746,153830680-153830827-003.BMP,36.700747958600004,56.2223289645,6
747,153831352-153831372-001.BMP,47.8637390145,57.9307267434,6
748,153831352-153831372-002.BMP,156.265614906,71.1554180409,6
749,153831352-153831372-003.BMP,28.4490898623,84.9284733602,6
750,153831352-153831372-004.BMP,85.0095070259,33.682140704,6
751,153915316-153915330-003.BMP,65.6964132887,63.1563059208,6
752,153915432-153915441-002.BMP,50.1104771565,70.3956722032,6
753,153915432-153915472-001.BMP,51.0602193675,70.6960863813,6
754,153915634-153915665-001.BMP,41.4262341326,39.6976022567,6
755,153915634-153915665-002.BMP,42.774534589699996,48.6389335785,6
756,153915634-153915665-003.BMP,34.6554644262,37.155697806199996,6
757,153915634-153915665-005.BMP,44.32337020479999,37.6159096258,6
758,153915634-153915665-006.BMP,43.3792950565,46.207049434700004,6
759,153915634-153915665-007.BMP,38.9139384034,46.520046989099995,6
760,153915726-153915736-001.BMP,55.3809254441,40.2959610816,6
761,153915726-153915774-001.BMP,46.6213623801,52.312144366800005,6
762,153916001-153916020-001.BMP,42.7896210566,46.5525480679,6
763,153916001-153916020-003.BMP,47.4218892234,38.164274210500004,6
764,153916114-153916129-002.BMP,48.750385497799996,116.230922562,6
765,153916922-153916963-001.BMP,53.061898211800006,35.4820625302,6
766,149143370-149143378-001.BMP,36.4495739113,36.048044018,7
767,149143370-149143378-002.BMP,71.85428849899999,28.705165691999998,7
768,149143370-149143378-003.BMP,37.607550919,47.8954488135,7
769,149143370-149143388-001.BMP,32.368771527,31.053501722199996,7
770,149143370-149143388-002.BMP,30.7518183431,44.2873869079,7
771,149143370-149143388-003.BMP,31.1022314478,54.72478809890001,7
772,149146635-149146651-001.BMP,56.6341808679,35.6957586977,7
773,149146635-149146651-002.BMP,74.3878993497,27.348035058,7
774,149146635-149146651-003.BMP,43.0163659253,33.7899006854,7
775,149146837-149146854-001.BMP,51.2640091769,31.7187266992,7
776,149146886-149146936-001.BMP,47.353174603199996,32.0127865961,7
777,149146886-149146936-002.BMP,48.54807808899999,39.3933955782,7
778,149147060-149147075-001.BMP,28.1079464753,56.0598041414,7
779,149147060-149147075-002.BMP,43.0867754252,56.86636584520001,7
780,149147060-149147075-003.BMP,41.529184979600004,71.9349217364,7
781,149147848-149147864-001.BMP,80.6446504094,97.39404301270001,7
782,149147848-149147864-002.BMP,43.112545148100004,93.1960510474,7
783,149147848-149147864-003.BMP,63.2412755424,77.3332039023,7
784,149147949-149147960-001.BMP,34.8485774298,62.5220546114,7
785,149147949-149147960-002.BMP,22.774153846199997,183.2307692308,7
786,149148124-149148168-001.BMP,44.2587638376,33.6383763838,7
787,149148124-149148181-001.BMP,75.5550658587,56.7981168929,7
788,149148124-149148181-002.BMP,57.6008251676,47.3940519168,7
789,149148124-149148181-003.BMP,54.6949679499,43.456646067600005,7
790,149148124-149148181-004.BMP,50.958656797299994,39.058313775,7
791,149148669-149148707-001.BMP,27.2236157324,28.009896766500002,7
792,149148669-149148707-002.BMP,21.1131906166,42.7632354826,7
793,149148669-149148707-003.BMP,39.2571739023,28.0468217514,7
794,149181904-149181927-001.BMP,37.8332163869,42.7099908242,7
795,149181904-149181951-001.BMP,33.2061182801,35.3074585222,7
796,149181904-149181951-002.BMP,47.635581424799994,42.1688978869,7
797,149181904-149182017-001.BMP,44.62188460229999,61.499829293299996,7
798,149181904-149182017-002.BMP,48.186379393900005,42.980281060100005,7
799,149181904-149182017-003.BMP,32.467697450900005,35.975261178400004,7
800,149181904-149182044-001.BMP,47.0287806025,36.4818484065,7
801,149181904-149182044-002.BMP,36.4941979522,34.4507849829,7
802,149181904-149182044-003.BMP,33.2939303483,36.2885572139,7
803,149182125-149182135-001.BMP,33.624759214099996,35.0820598433,7
804,149182125-149182135-002.BMP,38.4473750525,48.66392272149999,7
805,149182125-149182135-003.BMP,47.1116439383,53.9225735551,7
806,149182355-149182396-001.BMP,51.7714064316,52.2926514271,7
807,149182550-149182571-001.BMP,50.68495029140001,52.450538986000005,7
808,149182550-149182571-002.BMP,32.6190245739,49.9043931817,7
809,149182550-149182571-003.BMP,93.5283313117,51.870109166499994,7
810,149182550-149182571-004.BMP,80.9003576903,43.8105944473,7
811,149182550-149182608-001.BMP,36.5187969925,36.5569280344,7
812,149182550-149182608-002.BMP,42.8912173747,39.0814758367,7
813,149182550-149182608-003.BMP,36.8509456138,38.5214944617,7
814,149182550-149182608-004.BMP,22.6796699175,43.8254563641,7
815,149182550-149182608-005.BMP,38.8662869542,42.5858421481,7
816,149182657-149182667-001.BMP,32.6970503785,35.8222918298,7
817,149182657-149182667-002.BMP,33.9951605098,95.3263429585,7
818,149182657-149182667-003.BMP,26.6151902288,53.451635546800006,7
819,149182657-149182681-001.BMP,43.6775101997,61.724518901,7
820,149182657-149182681-002.BMP,38.635951591,38.564179244,7
821,149182657-149182681-003.BMP,41.4431114135,68.5894782079,7
822,149182657-149182698-001.BMP,69.40966366949999,61.5492984039,7
823,149182657-149182698-002.BMP,47.4437841692,64.1587829807,7
824,149182657-149182698-003.BMP,46.9291982619,52.3435290108,7
825,149182657-149182713-001.BMP,42.473201066,43.427104925500004,7
826,149182657-149182713-002.BMP,34.3682862704,53.4131867381,7
827,149182657-149182713-003.BMP,40.5594330793,36.8908499354,7
828,149185405-149185423-001.BMP,32.8239139478,72.5479289238,7
829,149185405-149185423-002.BMP,64.1897261341,41.8947696278,7
830,149185405-149185457-001.BMP,43.7158213623,43.5479983061,7
831,149185497-149185527-001.BMP,43.746097814799995,41.8870693904,7
832,149185497-149185527-002.BMP,43.5389037017,46.2439835174,7
833,149185497-149185527-003.BMP,49.715471602200004,26.269111854600002,7
834,149185604-149185616-001.BMP,42.4928062824,46.004629765299995,7
835,149185604-149185629-001.BMP,42.7582168216,61.049117926899996,7
836,149185604-149185645-001.BMP,45.255695697700006,54.55685727109999,7
837,149185604-149185645-002.BMP,33.2756912719,30.918201490700003,7
838,149185604-149185645-003.BMP,43.3674512668,46.392674568800004,7
839,149185604-149185645-004.BMP,64.5533695704,60.2818798403,7
840,149185604-149185645-005.BMP,56.399287781000005,54.4440240374,7
841,149185604-149185657-001.BMP,40.532215401500004,29.5948495284,7
842,149185604-149185657-002.BMP,43.102408098599994,53.460401861,7
843,149185698-149185709-001.BMP,37.722556391,52.878446115299994,7
844,149185698-149185709-002.BMP,50.567192133599995,33.9281410957,7
845,149185698-149185721-001.BMP,29.1408107721,43.5257603973,7
846,149185698-149185721-002.BMP,35.438865120500004,52.3882008557,7
847,149185698-149185721-003.BMP,54.174016022299995,35.9682340648,7
848,149185698-149185721-004.BMP,43.47521235520001,37.4199227799,7
849,149185698-149185744-001.BMP,32.8640973631,30.408722109499998,7
850,149185788-149185824-001.BMP,50.7395841506,45.5444488035,7
851,149185850-149185864-001.BMP,51.6815663868,66.2969027628,7
852,149185850-149185875-001.BMP,38.4045584046,48.847727176099994,7
853,149187049-149187073-001.BMP,27.702458265300002,46.6243276625,7
854,149187049-149187090-001.BMP,32.8246926318,37.7570286304,7
855,149187049-149187100-002.BMP,24.7842924848,46.1508463101,7
856,149314453-149314465-001.BMP,43.3327291145,56.004265074399996,7
857,149314453-149314507-001.BMP,26.7272727273,29.146919431300002,7
858,149314453-149314507-002.BMP,63.8018232263,20.0293301625,7
859,149314453-149314507-003.BMP,45.0249379036,30.1003477397,7
860,149314453-149314507-004.BMP,38.2529470529,34.5022977023,7
861,149314679-149314698-001.BMP,39.825093618800004,48.2629647842,7
862,149314679-149314698-002.BMP,37.811802586999995,25.7551768167,7
863,149314679-149314698-003.BMP,51.709343706000006,37.5916577009,7
864,149314753-149314760-001.BMP,31.1009883971,56.6880103137,7
865,149314881-149314903-001.BMP,126.2105263158,35.9665490256,7
866,149315229-149315249-001.BMP,50.666549743500006,30.109352391799998,7
867,149315229-149315249-002.BMP,26.7067096881,50.8880615537,7
868,149315372-149315390-001.BMP,34.3124826244,26.7984431471,7
869,149315671-149315731-001.BMP,44.605292211300004,49.6829659176,7
870,149315671-149315731-002.BMP,45.1765025836,37.1724231711,7
871,149315671-149315740-001.BMP,32.3468029704,43.6917735558,7
872,149315671-149315740-002.BMP,43.9599309154,29.703166378800002,7
873,149315671-149315740-003.BMP,42.2351124078,38.032606830300004,7
874,149315671-149315740-004.BMP,43.939172916800004,39.6631115393,7
875,149315671-149315749-001.BMP,36.2695202952,38.3117343173,7
876,149315671-149315749-002.BMP,32.0652926132,31.1692492854,7
877,149315775-149315790-001.BMP,41.4259767687,47.894825765600004,7
878,149315775-149315790-002.BMP,31.086079394200002,35.3399988168,7
879,149315775-149315790-003.BMP,62.552434456899995,23.479026217199998,7
880,149316025-149316032-001.BMP,58.2506839372,38.4402880911,7
881,149316117-149316122-002.BMP,34.5022399609,40.6125274904,7
882,149316117-149316122-003.BMP,41.1721877397,29.5278610782,7
883,149316117-149316122-004.BMP,50.1321381142,41.2453519256,7
884,149316117-149316131-001.BMP,33.0028692985,35.5555555556,7
885,149316117-149316131-002.BMP,32.4661749977,32.597286715799996,7
886,149316426-149316462-001.BMP,28.0358428429,26.7939036532,7
887,149316426-149316462-002.BMP,31.561831407800003,35.5762577175,7
888,149316426-149316462-003.BMP,36.1593225346,43.128551031499995,7
889,149316426-149316462-004.BMP,24.241240847199997,40.3892606881,7
890,149317114-149317152-001.BMP,32.4544155118,60.7052389535,7
891,149317114-149317152-002.BMP,38.3439821308,28.8558516441,7
892,149317114-149317152-004.BMP,34.2846347607,23.469353484499997,7
893,149357956-149358043-001.BMP,43.515489368500006,34.228557776500004,7
894,153826597-153826619-001.BMP,39.9623180131,36.5431534875,7
895,153826597-153826619-002.BMP,32.5653110692,60.046862375399996,7
896,153827595-153827657-001.BMP,58.5469497608,30.505681818200003,7
897,153827595-153827657-002.BMP,52.5952066211,29.375941146,7
898,153827595-153827664-001.BMP,42.437006393400004,34.3927362596,7
899,153827595-153827669-001.BMP,32.6078246915,28.617342703800002,7
900,153830680-153830693-001.BMP,23.198590829,40.320472754099995,7
901,153831027-153831036-001.BMP,34.0538514646,43.765262846400006,7
902,153831027-153831036-002.BMP,26.9869244379,47.7866482544,7
903,153831027-153831045-001.BMP,36.2342082492,22.672627631999998,7
904,153831027-153831045-002.BMP,24.168379833600003,37.0186000979,7
905,153831027-153831045-003.BMP,37.8713763268,18.445455356300002,7
906,153831426-153831438-001.BMP,41.582511196700004,47.2839111779,7
907,153831471-153831479-001.BMP,24.4261478779,33.033408604,7
908,153831471-153831486-001.BMP,58.614351210200006,86.56082738030001,7
909,153831471-153831486-002.BMP,73.8328384365,46.280192766400006,7
910,153831471-153831486-003.BMP,61.207755346800006,47.5780131921,7
911,153831471-153831486-004.BMP,52.3080656578,36.1274057097,7
912,153916114-153916150-001.BMP,50.3793869391,38.6537538872,7
913,153916114-153916167-001.BMP,50.6972324271,29.5625765369,7
914,153916114-153916167-002.BMP,34.4558004359,42.9498667958,7
915,153916569-153916586-001.BMP,34.3614202438,30.315693845100004,7
